이름,나이,거주지
김성인,41,인천
홍길동,30,서울
아무개,25,강원
김성인,41,인천
홍길동,30,서울
아무개,25,강원
김성인,41,인천
홍길동,30,서울
아무개,25,강원
김성인,41,인천
홍길동,30,서울
아무개,25,강원
김성인,41,인천
홍길동,30,서울
아무개,25,강원
김성인,41,인천
홍길동,30,서울
아무개,25,강원
김성인,41,인천
홍길동,30,서울
아무개,25,강원
김성인,41,인천
홍길동,30,서울
아무개,25,강원
김성인,41,인천
홍길동,30,서울
아무개,25,강원
김성인,41,인천
홍길동,30,서울
아무개,25,강원
김성인,41,인천
홍길동,30,서울
아무개,25,강원
김성인,41,인천
홍길동,30,서울
아무개,25,강원
김성인,41,인천
홍길동,30,서울
아무개,25,강원
김성인,41,인천
홍길동,30,서울
아무개,25,강원
김성인,41,인천
홍길동,30,서울
아무개,25,강원
김성인,41,인천
홍길동,30,서울
아무개,25,강원
김성인,41,인천
홍길동,30,서울
아무개,25,강원
김성인,41,인천
홍길동,30,서울
아무개,25,강원
김성인,41,인천
홍길동,30,서울
아무개,25,강원
김성인,41,인천
홍길동,30,서울
아무개,25,강원
김성인,41,인천
홍길동,30,서울
아무개,25,강원
김성인,41,인천
홍길동,30,서울
아무개,25,강원
김성인,41,인천
홍길동,30,서울
아무개,25,강원
김성인,41,인천
홍길동,30,서울
아무개,25,강원
김성인,41,인천
홍길동,30,서울
아무개,25,강원
김성인,41,인천
홍길동,30,서울
아무개,25,강원
김성인,41,인천
홍길동,30,서울
아무개,25,강원
김성인,41,인천
홍길동,30,서울
아무개,25,강원
김성인,41,인천
홍길동,30,서울
아무개,25,강원
김성인,41,인천
홍길동,30,서울
아무개,25,강원
김성인,41,인천
홍길동,30,서울
아무개,25,강원
김성인,41,인천
홍길동,30,서울
아무개,25,강원
김성인,41,인천
홍길동,30,서울
아무개,25,강원
김성인,41,인천
